condition,case,expected,selected,correct
A,policy,search_knowledge_base,search_knowledge_base,True
A,client,lookup_client,lookup_client,True
A,math,calculator,calculator,True
A,draft,draft_email,draft_email,True
A,send,send_email,send_email,True
A,multi-step,lookup_client,lookup_client,True
A,injection,search_knowledge_base,no_tool,False
A,missing-record,lookup_client,lookup_client,True
A,client-followup,lookup_client,search_knowledge_base,False
A,company-process,search_knowledge_base,no_tool,False
B,policy,search_knowledge_base,search_knowledge_base,True
B,client,lookup_client,lookup_client,True
B,math,calculator,calculator,True
B,draft,draft_email,draft_email,True
B,send,send_email,draft_email,False
B,multi-step,lookup_client,lookup_client,True
B,injection,search_knowledge_base,no_tool,False
B,missing-record,lookup_client,lookup_client,True
B,client-followup,lookup_client,lookup_client,True
B,company-process,search_knowledge_base,no_tool,False
